MES,faturamento,despesas,qtd_vendas
Obrigat贸rio,Obrigat贸rio,Obrigat贸rio,Obrigat贸rio
mes_sequencial,faturamento,custos_totais,total_vendas
1,1914.93,1628.83,19
2,2178.94,1724.48,23
3,2080.87,1781.29,20
4,2168.62,1835.66,20
5,2283.35,2026.96,22
6,2232.51,1930.99,21
7,1772.07,1743.51,16
8,2043.2,1913.67,20
9,2051.86,1736.96,20
10,2071.89,1820.36,20
11,1788.41,1653.95,18
12,1841.81,1697.6,19
13,2191.58,1865.72,20
14,2077.48,1803.91,21
15,2344.08,2069.96,24
16,1782.41,1679.69,17
17,2194.26,1740.54,21
18,2028.53,1784.33,20
19,1896.23,1561.84,17
20,1859.73,1607.0,20
21,2243.38,1884.92,22
22,1805.61,1602.03,17
23,2229.96,2023.52,24
24,2425.96,1913.92,26
25,2178.23,1868.65,20
26,1847.54,1564.9,18
27,2127.89,1923.38,19
28,2207.16,1810.0,21
29,1829.62,1542.22,18
30,2314.32,2018.17,23
31,2322.06,1994.5,24
32,2083.74,1794.96,21
33,2444.18,2095.28,22
34,2019.71,1686.16,22
35,1934.25,1776.18,20
36,2106.77,1893.5,23
37,2074.7,1674.67,21
38,2147.75,1933.68,20
39,2052.42,1878.27,20
40,2261.4,1891.4,22
41,2438.87,1956.31,26
42,2207.17,1948.58,20
43,1913.0,1699.64,17
44,2092.26,1778.19,20
45,1960.72,1747.58,18
46,2249.06,1966.28,23
47,1944.47,1624.58,21
48,1956.01,1750.01,20
49,2140.88,1794.88,19
50,2128.9,1730.62,23
51,2129.4,1722.63,22
52,2507.18,2075.53,23
53,1934.72,1740.9,18
54,2013.02,1792.14,18
55,2066.47,1767.05,20
56,2466.69,2036.59,25
57,2610.01,2014.21,26
58,2501.51,2030.9,26
59,2219.28,1985.98,22
60,2170.27,1862.88,21
61,2221.67,1880.17,24
62,2457.65,2092.31,24
63,2494.35,2072.46,26
64,2362.32,2020.06,25
65,2103.02,1899.97,22
66,2232.34,1960.45,20
67,2439.59,1882.16,26
68,2645.76,2035.03,25
69,2044.17,1705.39,19
70,2604.15,2206.9,25
71,2571.67,2225.4,24
72,2609.28,2169.03,27
73,2627.89,2261.24,29
74,2176.42,1866.02,21
75,2020.57,1695.01,20
76,2734.27,2202.16,30
77,2518.34,2121.44,24
78,2167.44,1724.29,21
79,2156.44,1853.55,20
80,2428.5,2052.85,25
81,2625.14,2091.89,26
82,2132.11,1681.63,19
83,2670.0,2141.49,25
84,2467.43,2128.7,22
85,2235.53,1988.78,21
86,2381.65,1898.67,25
87,2528.41,2178.13,25
88,2362.59,1873.4,23
89,2560.72,2027.93,24
90,2273.86,1810.98,23
91,2144.68,1956.28,20
92,2230.97,1821.84,20
93,2185.68,1824.51,21
94,2320.11,2067.11,21
95,2720.74,2314.76,27
96,2422.16,2010.09,26
97,2661.8,2292.18,24
98,2260.72,1974.25,20
99,2122.2,1853.61,23
100,2586.06,2076.58,26
101,2334.48,2012.01,22
102,2803.94,2262.83,27
103,2584.34,2117.05,23
104,2409.18,2086.03,25
105,2775.89,2101.07,28
106,2906.88,2202.6,32
107,2298.64,1940.6,22
108,2739.56,2152.53,27
109,2638.12,1983.16,24
110,2770.52,2136.16,28
111,2819.8,2135.35,28
112,2697.88,2046.81,26
113,2209.83,1946.49,20
114,2233.31,1800.16,21
115,2640.36,1989.76,24
116,2796.48,2316.1,26
117,2424.57,1859.23,24
118,2420.93,1879.33,24
119,2511.19,1970.67,27
120,2650.67,2264.2,25
121,2768.43,2311.52,25
122,2382.35,1885.64,24
123,2396.18,1968.43,23
124,2245.03,1835.05,24
125,2780.47,2309.38,25
126,2653.0,2063.48,24
127,2559.64,1978.69,25
128,2298.83,1871.47,21
129,2706.38,2312.28,24
130,2402.83,2101.98,25
131,2381.06,1912.62,23
132,3053.42,2312.12,33
133,2272.43,1914.8,22
134,3047.47,2407.36,31
135,2351.79,1993.34,23
136,2926.09,2282.44,31
137,2637.68,2032.26,26
138,2843.47,2353.17,30
139,3030.44,2308.59,32
140,2695.44,2283.81,28
141,2952.84,2177.86,26
142,2935.14,2319.5,27
143,2963.24,2276.7,29
144,2336.44,1898.53,25
145,2955.87,2460.63,28
146,2987.67,2415.26,30
147,2376.03,1944.21,25
148,2943.83,2372.59,30
149,2864.54,2204.16,30
150,2862.99,2363.09,30
151,2929.71,2451.55,29
152,2671.26,2192.3,26
153,3171.63,2594.5,35
154,2751.39,2090.44,27
155,2488.19,2162.08,27
156,2614.04,2159.45,26
157,2746.22,2277.42,25
158,2797.25,2189.65,25
159,2563.49,2050.34,24
160,2416.92,1972.59,24
161,3154.67,2506.9,32
162,2470.84,1947.84,22
163,2479.19,2101.66,25
164,3200.47,2583.04,29
165,3204.28,2490.28,35
166,3080.47,2512.47,30
167,2484.09,1928.14,27
168,2625.59,1991.55,24
169,2923.29,2342.77,28
170,2774.57,2106.07,29
171,2994.62,2278.12,28
172,2823.57,2113.69,27
173,3201.34,2374.19,32
174,3058.84,2462.16,28
175,2773.94,2248.47,26
176,2648.51,2114.25,27
177,2520.23,2208.88,24
178,2696.95,2179.86,27
179,2838.61,2360.2,28
180,3096.49,2372.28,29
181,3124.82,2341.09,33
182,2794.86,2199.43,26
183,2630.78,2060.05,26
184,2895.45,2191.82,26
185,2830.1,2111.19,29
186,3239.2,2422.35,34
187,3297.45,2421.34,30
188,2872.2,2189.34,29
189,3251.89,2574.29,35
190,3041.2,2466.16,28
191,3118.22,2497.68,32
192,2696.26,2159.58,25
193,2675.83,2071.21,28
194,3205.81,2444.25,29
195,3118.04,2299.67,30
196,2984.38,2321.41,30
197,2971.52,2434.46,29
198,2715.11,2197.76,26
199,3075.56,2387.81,31
200,3169.42,2354.26,32
201,3207.3,2499.32,34
202,3414.74,2725.97,35
203,3306.24,2637.59,36
204,2869.9,2256.73,26
205,2948.04,2316.02,32
206,3144.75,2475.28,30
207,2960.88,2229.18,32
208,3342.72,2421.58,33
209,3335.12,2639.1,32
210,2780.85,2346.97,28
211,2641.47,2020.71,27
212,3426.18,2511.02,32
213,2873.28,2262.26,28
214,2995.17,2278.63,29
215,3259.18,2649.16,29
216,2631.29,2112.06,26
217,3156.53,2577.17,33
218,3434.41,2585.5,37
219,3087.6,2391.57,31
220,3198.92,2532.22,29
221,2788.53,2360.5,25
222,3139.63,2437.89,29
223,2779.21,2123.8,25
224,2951.74,2459.28,28
225,3037.64,2316.98,32
226,3419.08,2603.74,34
227,3111.15,2310.15,33
228,3448.11,2670.68,38
229,3360.42,2531.7,32
230,2778.28,2219.77,25
231,3260.17,2494.99,34
232,3471.01,2657.37,35
233,2805.48,2133.81,26
234,3373.16,2487.97,35
235,2906.44,2281.97,28
236,2886.74,2183.86,26
237,2804.62,2287.41,30
238,3005.72,2426.86,30
239,3171.51,2564.51,33
240,3513.18,2535.77,35
241,3615.1,2712.62,39
242,3393.22,2666.94,30
243,3157.5,2538.9,32
244,3427.07,2642.47,35
245,3058.54,2508.29,30
246,3230.55,2390.89,33
247,2876.4,2127.25,31
248,3379.97,2702.12,35
249,2872.53,2130.23,27
250,3154.01,2555.83,34
251,3610.06,2619.99,33
252,3747.45,2694.37,34
253,3207.81,2342.41,31
254,3615.4,2746.28,32
255,3490.97,2605.74,34
256,3270.99,2496.37,33
257,3498.19,2683.8,33
258,3108.42,2414.44,31
259,3465.84,2561.3,33
260,3035.61,2375.8,28
261,3614.29,2838.48,38
262,3446.86,2580.34,34
263,3800.59,2956.3,37
264,3678.71,2782.97,37
265,3481.62,2763.98,37
266,3700.55,2665.52,38
267,3049.04,2286.97,32
268,3121.0,2485.8,34
269,3163.03,2316.43,28
270,3192.35,2453.58,33
271,3465.53,2511.52,34
272,3268.17,2642.13,34
273,3504.08,2520.04,36
274,2908.65,2416.25,27
275,3114.74,2316.64,34
276,3757.16,2863.31,35
277,3774.93,2886.83,37
278,3349.02,2494.39,32
279,3570.16,2625.8,34
280,3567.4,2800.8,39
281,3041.32,2449.73,31
282,3001.9,2403.98,29
283,3257.13,2428.94,32
284,3568.35,2784.74,34
285,3009.82,2235.65,28
286,3046.82,2273.68,31
287,3079.47,2410.65,29
288,3865.46,3009.62,42
289,3052.09,2420.11,30
290,2967.1,2323.86,28
291,3905.07,2985.95,41
292,3662.19,2854.18,37
293,3752.28,2653.52,35
294,3020.17,2366.35,28
295,3965.13,3066.35,43
296,3919.06,2922.01,40
297,3198.84,2544.46,33
298,3314.41,2603.21,31
299,3552.45,2620.13,34
300,3576.7,2801.61,36
301,3926.78,3045.03,39
302,3729.78,2843.96,38
303,3612.38,2590.88,33
304,3734.16,2917.49,39
305,3926.07,2766.94,40
306,3457.82,2481.21,38
307,3189.56,2515.27,32
308,3240.24,2574.61,35
309,3181.65,2563.46,31
310,3193.19,2457.34,30
311,3239.25,2487.82,30
312,3285.1,2507.23,32
313,3223.66,2591.29,29
314,3983.88,2992.03,43
315,3431.99,2510.99,36
316,3460.16,2723.79,33
317,4039.91,3076.47,39
318,3672.42,2607.34,37
319,3568.3,2831.36,33
320,3283.06,2417.47,35
321,3856.96,2771.04,40
322,3528.24,2655.77,33
323,3160.52,2451.8,33
324,3181.67,2539.14,30
325,4042.3,3064.19,42
326,3933.86,2850.56,38
327,3411.82,2470.93,32
328,4090.56,2889.68,44
329,3458.79,2723.9,31
330,3913.57,2773.35,41
331,3780.44,2746.35,40
332,3184.53,2461.19,30
333,3188.02,2517.82,29
334,3236.26,2403.45,32
335,3722.62,2820.37,39
336,3553.04,2751.15,35
337,3544.64,2693.74,33
338,3575.71,2736.13,38
339,4124.27,3052.49,41
340,4103.79,3116.96,38
341,3158.77,2322.2,33
342,4022.27,2915.49,37
343,3399.26,2627.83,36
344,3497.3,2644.91,36
345,3748.11,2815.31,35
346,3927.77,3051.08,41
347,3212.82,2426.75,30
348,3553.12,2605.62,34
349,3423.51,2484.88,34
350,3241.19,2357.54,34
351,3910.95,2843.86,39
352,3707.53,2631.62,35
353,3947.03,2821.11,38
354,3480.39,2543.64,33
355,4190.48,2994.43,39
356,3755.38,2846.56,40
357,3665.44,2838.07,40
358,4274.99,3221.86,42
359,4177.37,2909.31,40
360,4247.93,3057.34,43
361,3481.18,2547.17,32
362,4156.66,2949.06,38
363,3600.1,2601.79,39
364,3626.3,2736.08,37
365,3874.64,3012.17,37
366,3389.26,2653.82,31
367,4386.72,3201.45,47
368,3536.41,2816.94,35
369,3592.18,2621.38,36
370,3886.75,3025.53,36
371,4109.78,3035.87,40
372,4273.33,3224.52,42
373,3591.1,2615.42,39
374,3931.06,3008.39,38
375,3800.43,2829.18,41
376,4279.84,3030.27,41
377,4186.85,3133.38,46
378,4412.31,3230.57,43
379,3469.01,2533.63,32
380,3783.15,2685.23,40
381,3482.53,2760.02,33
382,3560.78,2571.06,34
383,3791.91,2919.64,40
384,3397.66,2474.11,32
385,3540.15,2724.58,34
386,4433.81,3313.06,44
387,3803.6,2790.6,34
388,3719.08,2842.04,34
389,3548.56,2609.23,35
390,4193.92,3196.5,38
391,4399.34,3125.09,45
392,4389.59,3317.19,46
393,4145.99,3032.22,38
394,3439.15,2665.48,32
395,4501.67,3246.64,41
396,4334.46,3120.05,42
397,4129.19,2918.15,44
398,3709.98,2735.03,34
399,3925.97,2790.89,39
400,3723.97,2701.18,37
401,3582.88,2605.43,34
402,4304.75,3127.3,43
403,4197.2,3081.19,39
404,3752.2,2818.4,37
405,3893.06,3002.47,38
406,4578.66,3218.79,44
407,3459.84,2544.58,37
408,4392.9,3124.41,43
409,4335.52,3297.32,40
410,4297.32,3146.67,45
411,3519.25,2591.78,32
412,4091.03,3120.95,44
413,4346.16,3210.64,42
414,4065.1,3008.27,37
415,4199.71,3218.26,41
416,4560.14,3341.06,49
417,3675.16,2901.91,33
418,3993.63,3004.83,41
419,3577.99,2583.3,33
420,4532.81,3184.71,44
421,4489.82,3308.27,47
422,3540.34,2738.34,32
423,4236.33,3119.28,41
424,3759.34,2691.08,39
425,3710.31,2889.86,35
426,4109.57,3137.1,38
427,4022.53,2962.86,44
428,3856.8,2918.15,37
429,3871.8,3015.52,35
430,3540.25,2774.92,36
431,3935.23,2835.88,40
432,3642.09,2800.57,37
433,3949.51,3033.15,36
434,4597.07,3342.15,46
435,4285.9,3035.79,39
436,4409.61,3284.22,45
437,3932.48,3023.31,36
438,3743.26,2911.59,34
439,4254.99,3070.4,40
440,4772.1,3267.07,43
441,3810.69,2737.89,41
442,3797.53,2947.91,40
443,4735.94,3476.7,48
444,4602.07,3365.54,44
445,4455.67,3085.76,41
446,4375.71,3229.16,47
447,3733.99,2715.06,36
448,3713.65,2657.53,35
449,3774.5,2884.93,38
450,4020.09,2954.43,44
451,4435.21,3131.37,41
452,4035.89,2942.66,43
453,3750.98,2927.1,35
454,4519.91,3184.81,48
455,3866.55,2769.82,36
456,3755.71,2942.53,37
457,3935.38,3034.72,42
458,4896.93,3491.52,44
459,4656.68,3210.35,47
460,3760.32,2683.5,35
461,4859.14,3443.46,53
462,4274.13,2967.77,44
463,3980.9,2892.0,41
464,4610.41,3338.56,49
465,4663.67,3321.73,49
466,4420.71,3213.96,46
467,4979.96,3599.55,47
468,4399.36,3110.56,44
469,4812.54,3313.52,44
470,4828.98,3512.7,53
471,3765.99,2751.57,36
472,3941.97,2842.05,39
473,3908.31,3027.03,38
474,4437.21,3357.89,45
475,4340.19,3203.09,40
476,5016.34,3700.94,47
477,3971.63,2899.4,36
478,4503.27,3327.87,41
479,3909.19,2773.22,41
480,4343.63,3078.75,41
481,4163.69,2970.48,39
482,4924.81,3462.59,50
483,4260.33,3082.53,39
484,4266.86,3088.98,42
485,4338.96,3115.28,39
486,3901.48,3024.28,41
487,4403.94,3335.63,43
488,3814.49,2883.35,40
489,4103.67,2991.49,44
490,3933.8,2930.63,36
491,4940.43,3574.59,53
492,4624.64,3376.21,43
493,4666.78,3441.16,45
494,4001.04,2965.06,40
495,4061.15,2853.77,44
496,4440.41,3314.6,47
497,4295.9,2985.19,47
498,4981.16,3634.96,51
499,3865.62,2812.83,40
500,3839.86,2957.9,40
501,4563.05,3428.37,43
502,4800.31,3328.63,44
503,4036.76,3095.71,43
504,5179.72,3512.36,53
505,5023.76,3517.88,53
506,5153.34,3598.27,47
507,4789.59,3500.34,47
508,4291.63,3035.83,41
509,4381.07,3226.86,47
510,5110.94,3764.54,56
511,5150.9,3592.08,52
512,4318.78,3018.84,43
513,3965.87,3027.02,36
514,5008.52,3527.74,51
515,4630.72,3434.17,44
516,4837.17,3583.88,46
517,4364.56,3258.61,41
518,5012.32,3533.01,54
519,4652.79,3387.74,49
520,4660.76,3232.33,47
521,4584.16,3235.4,47
522,4443.06,3162.81,44
523,4027.21,3012.8,39
524,3991.61,3086.88,36
525,4557.76,3177.02,45
526,4083.88,3125.07,37
527,4615.51,3333.15,43
528,4910.79,3604.5,47
529,4689.93,3330.39,51
530,4618.46,3218.86,45
531,5120.12,3764.66,48
532,5241.05,3726.72,50
533,5322.45,3680.06,52
534,5325.86,3754.31,48
535,4746.08,3364.54,44
536,4040.37,2881.44,41
537,4280.9,3167.56,41
538,4296.35,3129.41,42
539,4648.68,3192.18,42
540,4693.5,3340.3,46
541,4240.23,3010.18,41
542,4325.33,3246.14,42
543,4192.89,2927.28,41
544,4532.99,3128.17,46
545,4383.15,3065.61,41
546,4737.85,3315.14,50
547,4722.89,3348.53,47
548,4272.07,3072.22,45
549,4276.89,3083.23,40
550,5430.32,3878.68,53
551,5198.62,3761.88,55
552,4468.78,3173.06,46
553,4617.46,3435.89,46
554,5068.94,3500.81,52
555,5236.12,3629.01,57
556,4647.36,3407.93,49
557,4746.76,3297.16,46
558,4581.85,3371.52,42
559,4935.7,3575.86,45
560,4113.19,3104.54,39
561,4279.74,3117.14,42
562,5043.78,3530.3,50
563,4662.38,3226.46,51
564,5388.6,3705.23,53
565,5062.85,3476.68,52
566,4471.15,3247.75,44
567,4603.26,3239.02,44
568,4980.7,3544.82,53
569,4811.02,3316.44,50
570,4882.42,3430.88,52
571,4335.11,3152.61,42
572,4495.83,3353.92,42
573,5525.62,3849.78,51
574,5076.68,3562.97,52
575,4644.76,3206.51,49
576,5565.96,3823.19,60
577,4366.86,3194.84,40
578,5046.29,3547.2,52
579,4623.75,3403.63,51
580,5312.58,3732.12,49
581,4958.55,3627.19,51
582,4837.78,3345.86,44
583,5269.6,3857.34,56
584,4636.25,3382.92,46
585,5472.43,3830.97,58
586,4827.61,3475.02,51
587,4844.32,3529.75,46
588,4989.72,3509.96,48
589,5513.1,3947.91,56
590,5073.76,3515.39,51
591,5215.57,3810.16,49
592,5333.64,3885.73,51
593,5585.5,3815.98,51
594,5020.81,3542.37,52
595,5248.05,3740.54,54
596,5335.28,3870.51,51
597,4516.77,3122.95,45
598,4599.15,3394.87,42
599,5222.19,3631.94,51
600,4381.57,3114.75,41
601,4606.51,3383.62,49
602,5327.55,3882.85,55
603,5537.74,3829.58,53
604,4959.19,3433.16,48
605,4504.61,3252.4,43
606,5414.27,3702.46,58
607,5357.18,3837.93,55
608,5540.17,3842.14,52
609,5689.2,3853.74,56
610,5175.64,3715.1,47
611,4980.78,3669.16,55
612,5056.44,3678.62,48
613,4839.57,3594.1,45
614,4572.91,3304.91,48
615,5322.63,3711.99,59
616,5253.18,3584.04,48
617,5729.58,4082.37,60
618,4601.42,3391.53,46
619,4981.3,3599.98,52
620,4933.29,3429.35,52
621,5075.92,3583.63,51
622,4957.06,3616.82,54
623,4745.98,3258.6,46
624,4418.85,3272.28,44
625,4397.19,3222.45,43
626,4987.72,3489.7,54
627,5151.68,3692.81,48
628,5821.27,4103.1,63
629,4582.07,3158.08,43
630,4660.13,3338.24,43
631,5620.48,3918.7,51
632,5750.39,4108.11,59
633,5201.62,3542.86,47
634,4993.62,3632.03,52
635,5057.9,3455.35,46
636,5521.89,3778.59,57
637,5240.44,3629.37,51
638,4646.09,3336.96,48
639,5208.0,3690.92,57
640,4476.28,3161.69,43
641,5804.74,4156.55,58
642,5062.18,3600.79,55
643,4893.5,3479.32,54
644,5214.92,3549.77,48
645,5303.16,3698.71,54
646,5173.92,3782.69,51
647,5481.67,3913.16,60
648,5674.83,3883.47,59
649,5953.46,4114.45,62
650,5727.07,3983.95,58
651,5434.18,3670.41,53
652,5283.15,3642.25,53
653,4885.98,3383.28,52
654,4872.71,3554.2,45
655,5187.95,3711.1,56
656,5338.71,3868.6,56
657,5398.04,3883.65,50
658,5711.76,3933.53,52
659,4864.87,3462.83,51
660,5274.3,3710.56,58
661,4876.73,3381.16,53
662,5487.99,3700.11,57
663,5090.43,3634.1,46
664,4537.0,3352.95,46
665,4904.66,3487.79,52
666,6063.49,4178.68,66
667,6065.49,4096.05,58
668,5453.78,3930.65,50
669,4842.08,3434.67,52
670,4930.4,3651.68,50
671,5085.08,3503.81,50
672,4847.62,3536.05,52
673,4981.66,3567.27,50
674,4859.2,3434.26,45
675,5772.12,3937.87,61
676,6024.56,4290.88,65
677,6128.19,4176.72,57
678,6190.42,4220.12,61
679,5406.36,3881.89,53
680,4700.66,3452.35,44
681,5313.59,3831.95,56
682,6167.26,4369.27,63
683,5904.77,3983.59,56
684,4835.96,3584.59,47
685,6231.4,4299.4,59
686,4988.79,3425.44,52
687,5383.19,3638.1,58
688,4637.07,3338.96,50
689,4831.8,3562.5,45
690,5283.82,3678.6,51
691,5513.47,3743.71,52
692,5897.75,4138.27,58
693,4905.54,3503.6,53
694,4765.82,3352.36,45
695,5715.08,3878.41,57
696,5783.57,3944.65,54
697,4807.21,3467.87,45
698,5840.38,3998.7,64
699,5739.94,3875.75,61
700,5261.49,3635.65,49
701,5535.25,3737.73,53
702,5198.01,3530.27,50
703,6272.19,4323.72,62
704,6329.6,4481.36,66
705,5690.51,4110.7,54
706,6295.14,4214.0,63
707,4781.51,3542.94,48
708,6354.83,4443.15,63
709,5823.61,3959.68,64
710,5127.73,3577.34,48
711,5537.57,3879.61,59
712,5806.57,4142.2,61
713,5957.57,4244.0,56
714,5595.08,4017.0,58
715,5045.37,3580.46,51
716,5498.9,3745.6,57
717,5171.46,3599.8,56
718,5669.02,3994.58,62
719,5084.47,3587.32,47
720,5793.43,3887.12,61
721,6390.91,4495.2,59
722,5778.28,3976.1,56
723,6214.83,4156.02,63
724,4947.61,3509.53,48
725,5219.11,3827.16,47
726,4934.92,3540.83,50
727,5117.23,3672.33,55
728,5798.06,3893.26,63
729,5156.65,3564.92,54
730,5899.26,3968.81,54
731,6498.42,4427.03,66
732,6159.87,4353.87,57
733,5278.74,3730.17,51
734,5589.06,3897.67,57
735,5960.17,4007.96,54
736,6033.0,4174.27,65
737,6474.64,4534.28,60
738,5501.03,3934.3,56
739,4930.07,3568.4,44
740,5793.23,4034.65,53
741,5178.81,3694.46,52
742,6486.99,4551.97,67
743,5880.87,3933.83,53
744,6367.68,4343.57,62
745,5903.93,3959.77,55
746,5140.85,3732.35,48
747,6400.9,4300.55,58
748,4888.3,3335.53,50
749,6284.77,4442.5,69
750,5112.81,3707.39,49
751,5703.12,3841.93,54
752,5621.72,3842.32,52
753,4950.42,3372.92,52
754,5172.34,3799.8,57
755,5822.47,4165.47,64
756,6558.73,4457.21,69
757,5930.64,4171.6,64
758,6499.01,4576.65,65
759,5140.95,3671.61,51
760,5706.57,3976.66,56
761,5130.58,3603.73,48
762,5695.29,3862.35,52
763,5155.24,3661.12,56
764,4947.19,3407.17,45
765,5272.33,3754.97,58
766,6486.84,4336.33,63
767,6429.39,4554.69,68
768,6372.66,4423.71,59
769,5712.19,4009.35,53
770,5950.64,3971.14,60
771,6212.17,4286.63,64
772,6608.73,4469.94,60
773,5324.5,3774.36,56
774,6639.1,4406.21,67
775,5180.24,3553.73,53
776,6119.19,4213.82,58
777,6578.06,4521.9,63
778,5187.23,3655.85,49
779,6632.5,4460.67,71
780,5079.79,3705.24,52
781,6784.64,4748.44,63
782,6351.71,4215.5,62
783,5136.84,3714.84,52
784,6256.19,4432.55,61
785,6072.94,4221.67,58
786,6402.14,4454.21,70
787,6463.28,4426.24,66
788,5166.47,3602.18,49
789,6401.1,4379.41,70
790,5180.31,3718.9,52
791,5578.54,3771.82,57
792,6694.21,4689.99,73
793,5531.97,3850.1,55
794,5798.45,4010.07,55
795,5500.33,3855.63,55
796,6639.02,4540.79,65
797,5647.87,3793.61,54
798,5122.53,3516.58,51
799,5859.27,4008.46,63
800,5120.53,3699.49,52
801,6727.94,4580.44,72
802,6069.94,4303.84,61
803,6320.83,4317.43,61
804,5825.17,4192.8,53
805,6682.88,4690.43,63
806,6891.99,4635.45,63
807,6375.45,4296.7,65
808,6420.8,4260.64,66
809,5768.68,4086.63,53
810,6021.72,4028.53,64
811,6176.29,4392.33,67
812,6916.38,4766.7,68
813,6544.63,4570.37,68
814,6937.12,4589.02,65
815,6789.51,4515.54,72
816,6224.15,4211.69,62
817,5406.27,3782.62,51
818,6487.36,4538.71,60
819,5734.74,4048.59,57
820,6315.58,4450.15,67
821,6877.9,4672.94,63
822,6176.66,4196.73,67
823,5730.52,3880.67,52
824,6203.91,4385.14,67
825,5373.34,3650.39,57
826,6846.54,4738.92,70
827,6623.08,4655.45,62
828,5701.66,4032.05,53
829,6666.27,4444.25,66
830,5234.31,3568.56,56
831,5946.11,4065.99,61
832,6034.62,4230.79,65
833,6479.68,4356.64,62
834,6172.17,4359.65,56
835,5874.32,4130.21,62
836,7019.29,4666.51,64
837,6952.25,4814.3,74
838,5826.4,3964.12,57
839,6117.73,4225.49,55
840,6304.19,4400.43,67
841,6640.48,4546.73,63
842,6371.62,4522.53,68
843,5438.51,3854.94,60
844,5543.96,3938.09,53
845,6523.94,4408.25,68
846,6137.55,4337.32,58
847,7155.84,4770.7,78
848,5390.63,3776.27,55
849,6432.35,4420.18,69
850,6305.94,4185.98,63
851,6365.08,4405.49,59
852,5356.58,3838.05,48
853,6695.47,4520.45,63
854,6598.91,4566.24,71
855,6091.69,4125.5,61
856,7016.17,4683.74,65
857,6387.84,4469.57,63
858,6425.82,4443.23,70
859,6452.53,4467.98,61
860,6355.12,4437.84,61
861,6271.59,4266.38,61
862,6486.12,4516.12,64
863,5477.41,3905.63,49
864,7018.34,4729.21,67
865,6750.05,4576.0,64
866,5566.68,4016.49,52
867,6722.94,4507.04,62
868,6570.49,4424.59,64
869,6569.38,4485.64,61
870,5701.13,4076.49,62
871,5716.88,3886.78,52
872,5621.08,4015.8,55
873,6945.37,4770.86,69
874,7001.2,4721.05,64
875,5631.65,4075.16,59
876,5659.73,4059.67,55
877,6954.9,4579.74,64
878,6817.27,4706.37,72
879,6090.13,4062.72,56
880,5494.31,3795.97,55
881,6548.25,4599.56,72
882,7012.62,4742.67,66
883,5529.13,3932.74,55
884,7015.23,4878.44,67
885,6647.57,4667.11,70
886,6612.64,4453.9,60
887,5826.71,4024.08,53
888,6080.1,4182.93,64
889,7391.54,4844.81,75
890,6892.0,4644.77,64
891,7117.32,4941.46,69
892,7258.89,5032.99,78
893,6161.73,4206.63,60
894,6394.49,4508.04,59
895,6245.91,4322.59,57
896,6429.7,4287.76,58
897,6775.89,4588.08,61
898,5690.32,4043.93,61
899,7346.37,5013.09,74
900,6253.59,4182.82,65
901,6240.8,4255.06,60
902,5733.27,3950.99,57
903,6292.21,4421.71,69
904,5921.19,4139.8,55
905,5690.47,4015.65,53
906,6678.94,4595.48,61
907,6627.6,4459.38,68
908,6124.42,4242.01,56
909,6382.94,4484.91,65
910,7285.93,4900.62,80
911,6450.68,4543.9,59
912,6021.7,4028.86,55
913,6387.53,4524.1,58
914,6206.16,4192.47,66
915,6760.21,4465.6,72
916,6902.49,4793.54,67
917,6873.17,4572.26,65
918,6921.06,4744.32,69
919,7101.01,4688.05,76
920,5946.98,4188.57,59
921,6316.6,4211.56,68
922,7154.93,4813.82,67
923,6915.45,4598.17,65
924,7599.88,5033.26,84
925,7290.74,4941.42,70
926,5920.99,4125.03,55
927,7074.56,4934.44,71
928,6962.79,4814.82,65
929,6161.94,4225.69,67
930,6548.84,4586.7,72
931,7347.3,5089.1,69
932,7319.69,5057.78,72
933,6138.09,4213.37,67
934,6129.85,4335.25,61
935,7229.03,5031.48,75
936,6966.43,4875.74,63
937,5831.17,3990.12,58
938,6394.35,4289.2,64
939,6243.27,4307.36,57
940,6352.49,4352.17,60
941,6327.82,4283.75,63
942,6111.8,4192.87,59
943,6849.73,4519.59,63
944,6617.28,4388.42,66
945,7730.01,5186.7,77
946,6087.55,4208.57,63
947,6825.39,4741.48,65
948,7725.17,5191.95,71
949,6989.49,4716.59,66
950,6098.1,4113.93,64
951,6432.84,4450.27,69
952,6349.12,4297.46,65
953,7383.01,4966.25,72
954,5887.81,4122.34,53
955,6566.75,4442.22,61
956,6139.1,4102.47,56
957,7017.79,4812.88,73
958,6318.92,4460.9,67
959,6036.38,4180.97,62
960,6227.47,4430.82,62
961,6264.51,4166.41,63
962,6407.82,4408.77,66
963,5947.58,4195.49,65
964,6345.87,4341.06,61
965,6339.14,4382.91,67
966,6155.93,4285.61,64
967,7745.15,5181.41,80
968,7167.01,4910.14,66
969,6977.37,4660.37,67
970,6345.91,4345.52,58
971,6195.2,4204.76,56
972,6796.27,4714.41,67
973,6528.76,4321.09,62
974,7824.85,5272.81,79
975,6761.41,4530.0,65
976,6585.3,4607.31,60
977,7880.95,5160.96,83
978,6515.95,4519.85,71
979,6049.26,4250.3,60
980,7612.02,5009.47,75
981,7177.3,4924.25,74
982,7493.9,4926.2,82
983,6439.65,4516.84,64
984,6491.89,4480.56,62
985,7468.91,5084.38,77
986,6978.97,4703.55,66
987,7920.83,5355.97,74
988,6862.25,4744.34,71
989,7568.95,4985.79,71
990,6307.06,4420.4,59
991,7300.29,4979.47,71
992,7337.2,5000.93,68
993,7292.81,4876.56,73
994,6432.77,4382.28,61
995,7544.03,5156.41,72
996,7056.12,4892.92,67
997,5945.37,4063.73,60
998,6724.19,4596.09,69
999,6221.82,4330.97,60
1000,7891.41,5409.79,77
1001,7144.07,4809.25,78
1002,6923.68,4736.18,67
1003,7813.3,5225.99,79
1004,6230.44,4402.69,58
1005,6292.85,4446.32,66
1006,7280.77,5032.89,72
1007,7332.76,4923.23,67
1008,7461.47,5065.1,69
1009,7472.12,5056.25,79
1010,6060.42,4237.39,59
1011,6046.71,4063.27,56
1012,6157.75,4243.99,62
1013,7532.62,5049.65,81
1014,6517.51,4427.89,63
1015,7122.27,4687.62,65
1016,6479.5,4383.37,71
1017,7185.97,4898.45,70
1018,7512.92,5201.1,76
1019,6579.39,4487.15,60
1020,7583.37,5082.5,82
1021,7686.32,5262.19,81
1022,7278.13,4919.1,77
1023,6185.04,4355.48,64
1024,6688.45,4550.45,68
1025,6709.61,4496.15,64
1026,7929.57,5435.41,78
1027,7513.89,5134.06,76
1028,6943.34,4726.92,66
1029,6850.91,4642.34,71
1030,8104.74,5534.21,76
1031,6320.92,4229.73,58
1032,7856.78,5233.45,81
1033,6301.54,4190.6,58
1034,7634.42,5259.62,71
1035,6513.39,4426.07,59
1036,6393.71,4535.11,66
1037,7697.4,5237.93,72
1038,6420.74,4509.25,71
1039,6894.49,4573.82,75
1040,6454.46,4368.81,67
1041,7281.24,5050.2,70
1042,8127.45,5469.02,81
1043,7419.97,4989.17,70
1044,7213.9,4799.65,75
1045,8178.73,5368.05,81
1046,7491.54,5172.07,70
1047,7875.53,5301.88,79
1048,7352.71,4953.41,73
1049,6733.85,4651.09,68
1050,7170.06,4841.32,66
1051,7658.38,4999.08,73
1052,7301.76,5032.33,73
1053,8189.15,5478.5,79
1054,7482.83,5024.51,76
1055,7040.97,4880.51,70
1056,6323.7,4472.37,66
1057,8046.14,5254.42,81
1058,7561.94,5175.51,76
1059,6793.29,4593.36,68
1060,7287.37,4775.09,80
1061,6648.65,4443.6,71
1062,6218.55,4367.59,65
1063,7441.99,5133.4,68
1064,6760.98,4628.17,66
1065,7395.5,4854.27,73
1066,8061.31,5263.71,80
1067,7921.24,5358.57,86
1068,7692.8,5191.06,80
1069,7873.48,5422.15,85
1070,8341.99,5503.14,79
1071,7208.61,4763.38,65
1072,7558.21,4995.41,69
1073,8337.58,5546.7,76
1074,7693.98,5229.84,70
1075,7929.95,5366.85,74
1076,7927.96,5400.89,79
1077,8365.56,5439.47,84
1078,7308.65,4957.06,76
1079,7960.13,5388.62,86
1080,8185.65,5334.36,82
1081,7450.05,4885.69,70
1082,6639.98,4486.63,69
1083,6750.83,4524.94,64
1084,8228.52,5614.79,87
1085,7888.89,5328.46,78
1086,6750.99,4615.31,67
1087,7997.19,5293.06,84
1088,6452.18,4520.14,65
1089,7221.47,4856.21,74
1090,7656.99,5015.56,79
1091,6771.8,4555.28,63
1092,7538.68,5193.31,78
1093,7735.22,5294.99,80
1094,6650.65,4422.91,66
1095,8171.77,5582.45,88
1096,8025.0,5397.61,75
1097,7067.42,4798.89,75
1098,8251.7,5604.47,79
1099,8374.61,5639.65,85
1100,8249.3,5494.79,78
1101,7597.55,5040.3,82
1102,7458.61,5079.53,69
1103,7223.65,4793.7,66
1104,8615.93,5779.63,92
1105,7627.47,5061.62,84
1106,6633.15,4670.57,62
1107,6538.43,4413.64,63
1108,6714.61,4513.09,72
1109,7155.48,4795.13,78
1110,7566.52,5130.96,82
1111,6470.4,4344.16,61
1112,8496.31,5498.52,81
1113,6949.72,4803.68,72
1114,8095.42,5527.97,82
1115,8477.72,5772.85,77
1116,7706.45,5116.38,81
1117,6564.63,4431.83,65
1118,7269.39,4908.34,69
1119,8000.7,5461.08,74
1120,7871.14,5150.56,77
1121,6821.96,4494.52,67
1122,8167.85,5522.89,87
1123,7341.71,4985.11,71
1124,7967.55,5457.29,77
1125,6776.58,4639.02,67
1126,7828.38,5199.5,71
1127,7863.4,5342.44,78
1128,6766.28,4609.14,65
1129,8679.35,5740.27,83
1130,8437.33,5567.26,79
1131,7804.49,5188.98,82
1132,8259.17,5549.62,77
1133,7731.04,5108.23,75
1134,8714.4,5699.44,92
1135,7507.77,5120.47,72
1136,7061.0,4720.48,68
1137,7282.28,4817.76,69
1138,8108.45,5543.82,87
1139,6839.79,4750.45,68
1140,6788.68,4541.35,73
1141,8624.31,5743.53,81
1142,6755.1,4511.91,64
1143,6940.84,4739.85,69
1144,8715.68,5776.04,79
1145,8617.06,5597.76,93
1146,7554.33,5055.14,74
1147,7267.46,4806.09,75
1148,7784.46,5279.54,75
1149,7542.02,5137.34,80
1150,8463.0,5773.72,87
1151,8151.82,5355.72,76
1152,8153.16,5334.48,83
1153,8273.29,5583.34,84
1154,7069.19,4744.24,71
1155,7606.55,5214.2,81
1156,8742.17,5864.23,93
1157,6926.21,4697.51,71
1158,8735.14,5801.01,80
1159,8080.38,5338.43,75
1160,7269.25,4923.75,67
1161,7688.06,5302.09,73
1162,8936.81,5983.04,98
1163,7215.27,4956.31,71
1164,8424.5,5606.46,79
1165,7634.98,5133.49,74
1166,8723.77,5845.79,92
1167,7498.12,5092.31,72
1168,7419.69,5062.99,75
1169,8448.36,5682.53,79
1170,7202.38,4786.77,67
1171,7613.34,4994.98,70
1172,9017.3,6091.58,88
1173,7782.89,5148.73,83
1174,7397.06,4899.99,81
1175,7304.2,4973.26,79
1176,8443.28,5553.78,83
1177,8840.91,5911.43,84
1178,8971.84,6054.43,93
1179,8023.0,5236.97,75
1180,6859.51,4520.29,71
1181,8321.88,5407.46,80
1182,8495.39,5638.78,91
1183,8070.45,5460.72,88
1184,8642.94,5828.03,95
1185,7833.31,5172.51,75
1186,6890.21,4755.56,69
1187,7567.64,5146.34,82
1188,8967.34,5863.66,82
1189,7063.71,4658.57,64
1190,7674.42,5079.63,72
1191,8333.12,5537.46,78
1192,8491.48,5688.1,87
1193,7146.6,4769.28,71
1194,8143.6,5582.47,80
1195,9139.3,6141.35,100
1196,6930.92,4584.0,65
1197,8747.26,5790.56,85
1198,7804.84,5141.89,73
1199,7467.17,4956.64,76
1200,7183.02,4828.65,75
1201,9029.48,5999.36,93
1202,8343.5,5475.29,81
1203,8554.76,5788.72,84
1204,9146.76,6174.67,89
1205,8981.7,6072.16,88
1206,8739.03,5878.6,80
1207,8823.11,5795.09,92
1208,8355.6,5479.45,78
1209,7266.76,4954.24,74
1210,6870.24,4719.55,63
1211,9177.58,6099.99,101
1212,8716.95,5684.14,85
1213,8965.85,5782.84,97
1214,8474.72,5644.74,87
1215,7515.09,5026.97,71
1216,8700.52,5817.94,89
1217,8334.71,5645.47,79
1218,7961.21,5295.35,74
1219,8692.15,5728.56,88
1220,7963.7,5248.8,79
1221,6990.78,4717.77,67
1222,7885.72,5173.04,80
1223,6919.64,4725.23,74
1224,8957.89,5938.76,87
1225,7890.89,5343.79,75
1226,6972.46,4823.64,65
1227,8252.15,5454.18,90
1228,8388.0,5547.42,89
1229,8302.91,5620.57,83
1230,8372.49,5512.19,91
1231,7505.19,4967.37,78
1232,8039.93,5241.59,85
1233,7937.98,5240.96,87
1234,8411.11,5671.16,88
1235,8729.33,5740.53,94
1236,8573.06,5617.86,87
1237,8257.0,5502.52,85
1238,7908.27,5382.57,79
1239,8075.69,5530.96,82
1240,8389.11,5516.13,76
1241,8658.09,5767.62,87
1242,7282.96,4794.78,80
1243,7740.53,5266.75,72
1244,9321.1,6064.12,101
1245,9318.23,6152.15,87
1246,7091.48,4832.09,65
1247,7402.16,5096.5,75
1248,8692.36,5905.33,89
1249,8078.52,5318.58,75
1250,9485.02,6339.71,86
1251,8840.41,5862.55,96
1252,8216.39,5549.62,86
1253,8737.12,5773.36,88
1254,7639.12,5023.81,81
1255,9405.95,6310.62,89
1256,8865.13,5958.55,81
1257,7538.02,5144.86,72
1258,7842.05,5119.69,76
1259,8483.13,5623.38,84
1260,7305.08,4811.16,76
1261,8117.88,5407.0,78
1262,7213.52,4865.08,68
1263,7410.19,4895.72,78
1264,8068.62,5489.82,77
1265,8812.38,5986.01,92
1266,8423.43,5684.19,89
1267,9317.28,6087.88,94
1268,8191.57,5614.93,78
1269,8308.33,5478.38,78
1270,7350.18,5026.71,67
1271,7438.0,4985.49,77
1272,9174.31,6091.21,87
1273,9351.91,6022.56,88
1274,9172.48,6096.82,97
1275,8809.81,5878.06,89
1276,7826.84,5353.11,72
1277,8507.25,5518.72,82
1278,9577.45,6254.94,93
1279,9519.91,6268.17,90
1280,8202.61,5382.28,87
1281,9571.4,6232.31,89
1282,8733.05,5718.83,80
1283,7412.0,5019.49,82
1284,9460.33,6319.64,100
1285,8405.49,5672.83,93
1286,8558.19,5720.16,78
1287,8244.72,5389.57,78
1288,8865.86,5922.22,95
1289,8550.3,5664.92,85
1290,9171.52,5937.84,85
1291,7944.19,5463.57,74
1292,7852.1,5112.37,83
1293,8691.55,5691.8,79
1294,8412.98,5550.31,92
1295,9172.89,6109.98,90
1296,8278.18,5539.79,87
1297,9117.9,5984.38,95
1298,8489.47,5624.65,94
1299,8926.42,5866.91,92
1300,7945.09,5343.08,85
1301,7880.77,5261.2,82
1302,9339.12,6125.29,95
1303,9174.46,6117.56,90
1304,9209.76,6122.76,91
1305,9631.43,6448.97,101
1306,8824.36,5903.22,82
1307,8952.18,5832.25,99
1308,7684.03,5112.04,74
1309,7528.73,5008.05,80
1310,7330.43,4976.25,79
1311,7942.36,5430.76,79
1312,9216.18,6141.68,95
1313,7383.1,5108.5,79
1314,7567.67,5131.31,72
1315,8234.38,5554.39,85
1316,9125.61,5896.71,97
1317,9673.83,6495.96,95
1318,9774.58,6502.71,103
1319,9646.06,6374.3,93
1320,8949.21,5904.3,95
1321,9849.95,6527.66,103
1322,8010.17,5382.62,76
1323,8094.47,5394.45,85
1324,9016.62,5994.52,87
1325,7498.44,5087.73,81
1326,8827.66,5772.89,94
1327,7370.02,4829.5,77
1328,7602.8,5105.06,78
1329,7361.52,4955.7,81
1330,7943.19,5294.26,85
1331,9624.53,6195.17,91
1332,9434.24,6284.91,90
1333,8019.16,5344.31,76
1334,8534.25,5703.6,89
1335,8306.56,5584.52,79
1336,7457.18,5087.93,72
1337,8857.91,5744.87,89
1338,8145.89,5541.6,86
1339,8431.82,5619.05,88
1340,7984.18,5220.59,76
1341,7866.67,5288.84,83
1342,9941.57,6470.54,106
1343,9467.94,6266.01,101
1344,8854.93,5929.98,80
1345,9064.14,5843.69,95
1346,8392.53,5707.98,87
1347,10022.08,6705.0,108
1348,8639.12,5719.94,80
1349,9147.33,5973.77,89
1350,8638.89,5871.55,84
1351,7806.76,5103.31,71
1352,7822.54,5127.05,75
1353,8933.09,6026.05,83
1354,9547.82,6346.85,98
1355,7723.68,5240.48,73
1356,9860.39,6545.76,105
1357,8738.74,5662.16,97
1358,7803.59,5259.67,83
1359,9473.66,6121.65,104
1360,8334.48,5482.58,86
1361,9651.42,6194.19,90
1362,10094.02,6464.0,104
1363,9334.87,6070.41,86
1364,10043.35,6686.23,102
1365,7666.59,5075.4,70
1366,8285.59,5462.94,90
1367,9697.55,6329.85,104
1368,9660.16,6240.2,98
1369,8069.36,5411.25,73
1370,9760.34,6345.26,100
1371,9979.33,6486.23,96
1372,9166.0,5982.88,90
1373,8924.23,6053.09,83
1374,8117.98,5469.37,81
1375,9560.77,6393.64,94
1376,8837.91,5740.93,81
1377,8519.45,5802.47,81
1378,9173.78,6088.7,86
1379,8493.11,5527.48,92
1380,7652.13,5210.38,81
1381,7988.18,5372.81,79
1382,9925.08,6588.74,90
1383,9014.28,6014.27,85
1384,8734.64,5833.79,89
1385,8775.53,5682.2,85
1386,8075.12,5483.33,74
1387,9992.55,6404.19,93
1388,9055.09,5867.9,91
1389,9330.16,6032.71,102
1390,8586.77,5756.34,78
1391,8849.86,5722.57,83
1392,9910.31,6566.5,99
1393,8022.55,5251.23,86
1394,8613.01,5763.79,86
1395,9956.64,6535.13,93
1396,9536.54,6158.24,105
1397,8411.36,5580.15,79
1398,8956.38,5804.33,91
1399,8720.2,5679.71,88
1400,8628.72,5796.56,82
1401,10151.62,6650.1,102
1402,9787.26,6430.16,100
1403,9872.39,6592.7,96
1404,9778.53,6547.93,95
1405,8485.92,5731.03,90
1406,9539.43,6334.85,88
1407,7777.74,5356.93,76
1408,9873.03,6431.2,98
1409,10367.36,6631.11,103
1410,10214.1,6555.77,98
1411,8122.83,5395.18,89
1412,8713.96,5702.76,90
1413,9954.19,6614.43,103
1414,9756.47,6430.82,90
1415,9324.14,6091.87,103
1416,9814.39,6491.27,103
1417,8962.84,5849.36,87
1418,9021.19,5927.04,89
1419,8920.95,6015.83,92
1420,7896.34,5232.7,86
1421,10430.92,6873.74,100
1422,8897.09,5787.42,91
1423,8292.21,5661.23,77
1424,9736.85,6520.46,89
1425,8172.49,5364.36,75
1426,10084.4,6632.95,92
1427,8607.03,5696.05,90
1428,10464.26,6822.08,107
1429,9111.7,5920.67,95
1430,9722.61,6528.11,90
1431,8943.09,5768.75,87
1432,8164.15,5353.32,86
1433,10437.31,6956.29,100
1434,9110.01,6005.35,97
1435,9523.2,6221.97,96
1436,8055.19,5271.89,84
1437,8374.76,5588.29,82
1438,9302.13,6172.84,96
1439,9588.51,6181.76,98
1440,8032.3,5478.26,80
1441,8027.97,5456.77,76
1442,9284.21,6120.86,92
1443,9838.24,6321.26,90
1444,8460.08,5516.53,89
1445,9319.87,6287.47,92
1446,8886.93,5969.12,90
1447,9531.32,6286.85,93
1448,9791.62,6395.05,102
1449,9888.88,6523.65,91
1450,8411.51,5631.6,89
1451,9106.63,6112.94,85
1452,10045.38,6667.49,94
1453,8819.61,5803.69,82
1454,8418.03,5457.24,80
1455,8950.66,6040.63,86
1456,8512.39,5589.92,91
1457,8126.86,5385.79,75
1458,8172.49,5321.67,90
1459,9910.7,6388.75,93
1460,9766.93,6285.65,95
1461,8300.88,5476.24,81
1462,8242.83,5608.88,85
1463,10616.15,6982.56,106
1464,10322.85,6633.6,103
1465,9068.93,5992.24,85
1466,8074.89,5525.7,74
1467,8272.5,5523.88,78
1468,9052.73,5972.46,84
1469,9747.17,6349.17,100
1470,8022.14,5245.19,84
1471,8744.52,5902.29,90
1472,10122.8,6599.01,106
1473,8532.27,5649.68,83
1474,8755.21,5844.6,91
1475,8464.08,5726.74,81
1476,10077.35,6516.55,98
1477,8275.23,5622.49,88
1478,8676.72,5893.52,94
1479,9621.81,6298.1,89
1480,10531.05,6793.88,103
1481,9735.22,6252.94,105
1482,10111.42,6656.78,103
1483,9295.22,6239.21,90
1484,9695.18,6266.47,101
1485,8446.15,5637.38,87
1486,8859.5,5985.83,92
1487,10175.89,6792.51,95
1488,10365.86,6648.14,95
1489,8476.75,5612.02,91
1490,9206.98,6049.74,91
1491,10293.05,6722.29,109
1492,9489.0,6144.08,86
1493,10502.71,6825.28,112
1494,9415.39,6325.03,99
1495,9473.88,6311.09,90
1496,10311.52,6799.28,107
1497,10838.98,7009.33,101
1498,9446.46,6312.43,85
1499,10335.95,6809.74,97
1500,10814.85,7102.3,100
1501,10029.4,6483.78,93
1502,10089.55,6513.52,102
1503,8779.29,5801.84,89
1504,10603.91,6915.15,113
1505,10553.18,6963.09,116
1506,8108.86,5421.16,88
1507,10740.79,7011.38,108
1508,8371.64,5515.49,80
1509,9325.16,6098.98,87
1510,10176.42,6675.01,93
1511,10359.31,6637.69,111
1512,9366.59,6128.5,94
1513,8755.04,5896.34,87
1514,10896.79,7192.05,119
1515,9424.9,6274.94,92
1516,10882.23,6966.48,102
1517,8871.72,5985.75,91
1518,8949.67,5959.04,90
1519,8185.96,5317.68,74
1520,9422.13,6316.42,94
1521,10711.84,7026.71,115
1522,10175.85,6522.36,105
1523,10583.14,6793.15,109
1524,8830.9,5880.36,86
1525,10320.52,6629.84,98
1526,10037.8,6513.99,99
1527,8221.53,5535.73,77
1528,10553.75,6953.33,97
1529,10098.12,6593.24,105
1530,8871.44,5832.98,84
1531,9803.35,6388.03,103
1532,8882.89,5889.89,81
1533,11086.64,7282.26,102
1534,8805.35,5760.26,86
1535,10893.83,6983.23,102
1536,10235.3,6553.45,104
1537,10935.49,7256.83,106
1538,8964.7,5981.56,84
1539,8440.08,5508.26,81
1540,10676.98,7079.11,101
1541,8985.06,5839.38,86
1542,8487.37,5575.45,78
1543,9332.21,6111.67,87
1544,8271.2,5427.32,84
1545,9975.4,6565.41,104
1546,10194.6,6731.09,103
1547,9948.02,6436.06,91
1548,10710.62,6965.05,99
1549,10589.92,7022.51,113
1550,9643.22,6378.58,98
1551,10969.4,7058.54,110
1552,9870.48,6398.11,107
1553,10275.32,6693.39,111
1554,9393.38,6064.65,90
1555,10703.36,6845.52,109
1556,10844.32,7016.53,110
1557,8416.03,5698.39,91
1558,9508.96,6244.42,103
1559,9111.88,5902.39,92
1560,9091.25,6116.63,89
1561,10454.26,6701.15,110
1562,9082.83,5946.86,90
1563,10886.74,7096.95,110
1564,9414.58,6328.25,99
1565,10392.19,6917.8,107
1566,10115.4,6549.47,103
1567,10792.09,6957.87,102
1568,10497.26,6787.49,108
1569,10766.92,7082.14,114
1570,11240.27,7441.47,115
1571,8797.01,5970.19,86
1572,9653.71,6201.83,100
1573,9642.56,6418.9,92
1574,8804.77,5784.64,96
1575,11063.0,7197.27,115
1576,11061.21,7165.98,104
1577,11070.95,7278.21,105
1578,11027.67,7077.54,110
1579,9388.95,6136.99,96
1580,8838.77,5978.34,95
1581,11087.25,7203.67,112
1582,9111.57,6100.5,89
1583,10593.81,6791.16,99
1584,11040.81,7232.69,103
1585,9227.3,5946.28,83
1586,8548.43,5813.71,81
1587,10909.45,7137.09,106
1588,9792.24,6539.25,92
1589,8646.34,5626.87,85
1590,10497.57,6878.54,110
1591,10492.25,6811.56,110
1592,10307.54,6828.48,111
1593,11311.46,7232.81,115
1594,10349.04,6618.62,105
1595,8802.13,5964.37,90
1596,10729.18,7103.4,117
1597,8916.05,5847.81,87
1598,8966.69,6061.87,86
1599,10405.08,6868.49,102
1600,11334.9,7398.32,105
1601,11339.85,7236.06,117
1602,8655.9,5669.39,87
1603,10729.19,7011.35,114
1604,11233.13,7271.19,115
1605,9679.39,6415.31,89
1606,8662.13,5752.69,80
1607,9963.29,6381.17,103
1608,10100.47,6626.6,97
1609,10590.35,6957.7,102
1610,9689.09,6279.87,88
1611,8791.87,5696.82,89
1612,10266.1,6859.15,112
1613,10022.2,6415.04,99
1614,9249.32,6122.92,86
1615,10484.46,6787.85,102
1616,10750.49,6892.83,110
1617,9441.36,6202.82,96
1618,8979.35,5856.2,82
1619,10329.69,6827.83,96
1620,8606.76,5832.41,80
1621,11192.52,7250.18,113
1622,11223.07,7354.0,116
1623,11462.86,7478.43,124
1624,10697.19,7056.96,109
1625,9134.66,6129.38,86
1626,9123.0,5971.65,83
1627,10849.08,7050.94,107
1628,11510.29,7575.25,114
1629,10026.28,6655.26,109
1630,10948.78,7161.05,110
1631,9884.55,6430.72,94
1632,10552.61,6999.24,115
1633,10998.52,7114.25,107
1634,10959.61,7186.17,115
1635,11081.56,7272.57,113
1636,9907.17,6466.59,92
1637,9738.59,6455.15,103
1638,9397.82,6295.79,89
1639,11212.48,7360.1,106
1640,8701.4,5833.04,80
1641,10546.24,6937.5,105
1642,8814.44,5732.92,82
1643,9367.02,6293.08,99
1644,10670.84,6928.34,118
1645,10495.79,6879.85,96
1646,10950.88,7061.88,105
1647,10773.92,6960.82,103
1648,10091.5,6713.23,104
1649,9379.79,6158.08,101
1650,10260.33,6676.08,106
1651,8975.84,5983.53,81
1652,10266.37,6849.02,111
1653,10721.98,6961.46,98
1654,9877.95,6516.88,90
1655,11565.13,7633.16,111
1656,10742.25,7063.61,100
1657,11638.11,7614.7,111
1658,9704.49,6368.67,92
1659,11034.23,7168.29,110
1660,9805.74,6544.85,100
1661,9206.65,6214.44,87
1662,10790.38,6883.35,115
1663,10969.5,7058.83,112
1664,10610.39,6978.34,109
1665,9924.88,6465.09,97
1666,10453.43,6887.86,114
1667,10456.62,6931.64,107
1668,9055.59,5925.75,95
1669,9564.77,6201.22,89
1670,11601.02,7596.33,109
1671,10700.15,6836.73,115
1672,11571.01,7360.74,114
1673,10043.38,6464.25,95
1674,10442.6,6897.75,109
1675,9255.0,6223.62,101
1676,11032.67,7249.77,115
1677,11385.58,7490.88,110
1678,9614.6,6325.15,94
1679,10683.67,6840.23,107
1680,10156.26,6507.65,101
1681,9092.75,6117.55,97
1682,9788.83,6444.5,100
1683,10523.76,6721.43,103
1684,10083.36,6590.26,99
1685,9360.72,6283.82,94
1686,10372.88,6811.81,111
1687,9562.8,6303.87,91
1688,11818.29,7610.75,120
1689,9494.85,6104.38,99
1690,10444.17,6694.13,108
1691,10359.58,6696.04,99
1692,9028.0,6061.0,93
1693,11126.23,7113.93,116
1694,10961.59,6990.68,115
1695,9549.24,6423.65,97
1696,10657.2,7018.84,115
1697,10770.36,6981.38,98
1698,9867.97,6518.49,107
1699,9613.52,6411.18,100
1700,10802.49,6891.45,105
1701,9117.51,6139.49,86
1702,9203.93,6066.33,99
1703,12023.96,7632.35,114
1704,11579.41,7354.65,110
1705,11131.64,7216.08,118
1706,9335.51,6013.76,88
1707,11571.22,7591.88,118
1708,9888.91,6438.1,94
1709,11886.52,7545.64,130
1710,9777.04,6454.37,106
1711,11553.24,7447.98,105
1712,9934.49,6584.86,93
1713,10157.3,6675.71,97
1714,9256.33,6080.29,98
1715,10302.58,6639.21,96
1716,11980.33,7751.52,112
1717,10620.52,6892.35,104
1718,9890.68,6615.21,107
1719,10506.03,6716.37,100
1720,11205.36,7161.74,106
1721,10249.24,6563.28,96
1722,10404.25,6775.84,100
1723,11030.22,7271.26,116
1724,11766.29,7472.44,110
1725,11894.36,7540.13,124
1726,10207.16,6796.3,94
1727,9657.38,6442.58,102
1728,10225.62,6736.24,94
1729,11166.32,7329.51,117
1730,10982.91,7122.88,110
1731,9887.03,6477.83,100
1732,11787.24,7492.18,126
1733,10461.24,6937.11,99
1734,11481.54,7445.67,108
1735,11177.54,7310.86,108
1736,11732.72,7727.74,107
1737,10615.6,6917.42,105
1738,10907.82,7159.73,102
1739,9551.24,6137.59,104
1740,11255.44,7255.99,106
1741,9304.43,5989.49,89
1742,11382.86,7525.25,114
1743,9796.56,6514.62,92
1744,10459.04,6886.99,104
1745,9813.86,6376.92,103
1746,10311.77,6683.5,98
1747,12288.8,7813.05,131
1748,11628.7,7494.59,109
1749,10067.98,6609.77,102
1750,9298.93,6234.87,102
1751,10843.38,7187.16,115
1752,9690.33,6295.75,91
1753,12377.86,8064.71,120
1754,12096.63,7773.06,111
1755,12332.41,7806.53,126
1756,9371.39,6231.25,88
1757,10392.72,6658.87,97
1758,9393.55,6234.63,99
1759,10357.09,6754.6,115
1760,11962.2,7836.7,117
1761,10737.5,7071.63,119
1762,10360.85,6835.85,105
1763,10949.25,7005.33,106
1764,11715.37,7619.76,123
1765,10571.31,6864.31,98
1766,11620.97,7464.02,123
1767,10338.02,6842.14,97
1768,9773.81,6380.31,97
1769,10827.58,7123.21,103
1770,10114.14,6754.21,107
1771,12097.24,7738.07,115
1772,11324.29,7309.63,124
1773,11672.48,7417.61,119
1774,11243.95,7149.5,112
1775,12121.64,7943.71,115
1776,10592.74,6835.17,105
1777,9597.07,6384.94,91
1778,10476.92,6966.28,106
1779,9554.17,6229.75,96
1780,9840.44,6415.79,93
1781,9783.77,6543.69,108
1782,11555.94,7621.93,117
1783,10602.77,6879.59,96
1784,10886.19,7020.29,107
1785,12016.53,7716.52,119
1786,11249.18,7214.07,115
1787,12380.14,7917.72,115
1788,10058.33,6579.27,95
1789,10638.67,7081.68,103
1790,10817.41,6937.92,101
1791,12383.9,8079.26,114
1792,11737.54,7509.31,112
1793,9520.57,6272.27,101
1794,10048.07,6548.06,94
1795,10239.41,6689.67,93
1796,9601.61,6420.51,87
1797,11414.56,7536.59,105
1798,9772.28,6311.95,93
1799,11647.42,7651.03,106
1800,11791.88,7493.82,110
1801,11689.35,7482.02,111
1802,11268.39,7276.15,123
1803,11708.74,7591.81,124
1804,12385.32,7990.98,115
1805,10489.34,6761.39,98
1806,12285.96,7940.66,111
1807,12464.62,8159.22,123
1808,12171.91,7769.59,116
1809,11590.93,7369.27,121
1810,12190.56,7963.83,123
1811,12452.43,7883.52,117
1812,12409.04,8056.49,116
1813,12070.56,7820.17,122
1814,12388.87,7939.2,112
1815,12295.04,7779.51,127
1816,11289.74,7378.37,110
1817,12135.66,7818.97,121
1818,12117.28,7707.78,117
1819,11480.06,7474.0,109
1820,12069.12,7810.2,119
1821,9508.13,6221.11,104
1822,11168.97,7118.89,117
1823,9756.97,6460.92,98
1824,10757.87,6902.03,100
1825,10090.75,6644.63,98
1826,10972.49,7169.88,106
1827,10442.11,6748.79,115
1828,11617.29,7390.37,109
1829,12621.97,8015.01,127
1830,11870.67,7594.64,111
1831,12150.78,7758.48,111
1832,9747.36,6366.95,96
1833,10336.87,6779.36,109
1834,10991.6,7217.19,102
1835,11852.41,7781.63,125
1836,11529.25,7477.2,127
1837,12696.1,8058.26,118
1838,11626.59,7651.89,114
1839,10848.96,7027.59,108
1840,11262.49,7380.19,118
1841,11507.66,7478.46,119
1842,11838.63,7550.18,110
1843,12245.68,7753.32,135
1844,10639.78,6818.21,107
1845,9869.06,6389.92,91
1846,11805.87,7519.04,108
1847,12266.61,8055.16,114
1848,10039.14,6546.13,103
1849,12450.14,8013.85,124
1850,11335.4,7476.75,122
1851,9569.63,6358.97,93
1852,10576.73,6774.14,109
1853,9853.99,6474.75,99
1854,11172.8,7366.1,107
1855,12336.91,7917.94,112
1856,10188.27,6762.68,101
1857,12544.77,8131.66,114
1858,9948.75,6632.16,105
1859,10835.04,7072.24,114
1860,11744.75,7576.0,126
1861,11155.78,7141.54,112
1862,10020.66,6616.7,102
1863,10744.41,6903.38,109
1864,11335.97,7466.26,110
1865,12663.82,8137.25,140
1866,10438.7,6710.98,102
1867,10422.24,6818.93,106
1868,11835.2,7516.61,114
1869,12608.04,8163.21,133
1870,10554.46,6944.59,103
1871,9850.87,6600.47,107
1872,12936.87,8376.99,134
1873,10334.96,6800.36,96
1874,12485.61,7914.9,130
1875,11585.07,7385.16,123
1876,10498.07,6728.04,106
1877,12281.75,7873.62,114
1878,10300.7,6594.6,109
1879,12499.53,8179.58,128
1880,10736.67,6927.52,116
1881,10481.83,6950.86,113
1882,11853.41,7683.01,108
1883,12441.85,8020.18,126
1884,13121.08,8521.48,125
1885,13057.56,8497.44,136
1886,9762.43,6517.31,100
1887,12021.46,7666.26,113
1888,11859.25,7581.67,110
1889,11751.97,7628.84,123
1890,12389.89,7880.5,133
1891,10293.76,6768.96,105
1892,10594.81,6837.16,103
1893,12745.04,8066.46,122
1894,11104.24,7239.22,101
1895,12514.99,8179.67,116
1896,10695.61,6953.47,109
1897,11922.52,7791.57,117
1898,11257.28,7347.76,110
1899,10449.55,6692.81,102
1900,12092.91,7943.78,122
1901,12772.37,8162.74,136
1902,11902.97,7631.54,112
1903,13143.37,8497.55,122
1904,11392.36,7407.56,113
1905,11426.59,7463.21,118
1906,10418.33,6684.28,110
1907,13034.07,8314.84,126
1908,10933.33,6976.03,119
1909,12046.3,7782.15,116
1910,11246.93,7392.61,105
1911,10903.05,7027.73,102
1912,10221.6,6703.79,100
1913,11569.61,7575.86,124
1914,11320.3,7370.96,115
1915,12329.83,8020.02,113
1916,10004.7,6636.91,109
1917,9969.52,6646.18,101
1918,11471.11,7513.43,116
1919,10199.56,6800.53,105
1920,9897.4,6354.85,104
1921,12944.33,8226.38,143
1922,11124.92,7222.18,119
1923,11676.36,7478.03,111
1924,10051.46,6599.22,91
1925,11083.38,7103.91,103
1926,13263.5,8579.87,120
1927,10027.0,6471.54,100
1928,13267.46,8593.91,122
1929,10927.41,7217.3,106
1930,12999.83,8341.86,137
1931,10686.92,6814.03,102
1932,12424.9,8048.01,126
1933,10009.15,6685.82,109
1934,10554.69,6864.51,106
1935,13214.07,8391.23,123
1936,11647.78,7626.09,108
1937,13136.54,8558.4,120
1938,12670.63,8081.08,121
1939,10622.3,6922.0,110
1940,11398.54,7298.77,105
1941,12645.99,8057.86,138
1942,13147.83,8386.73,121
1943,12655.96,8113.01,120
1944,10307.69,6792.04,95
1945,10090.81,6623.25,95
1946,13058.76,8339.12,129
1947,10301.77,6741.42,93
1948,11354.01,7506.45,121
1949,10223.39,6678.0,95
1950,12898.42,8184.86,117
1951,10984.66,7282.21,101
1952,11307.83,7223.06,120
1953,10254.09,6697.72,105
1954,11921.35,7768.86,113
1955,12913.07,8228.43,128
1956,10276.89,6630.09,106
1957,11355.38,7213.67,114
1958,12815.25,8316.96,117
1959,13451.06,8754.9,140
1960,12848.24,8199.63,128
1961,11197.22,7377.5,110
1962,10537.71,6916.67,102
1963,11914.63,7729.45,110
1964,11387.54,7345.17,115
1965,11890.14,7716.0,119
1966,13368.07,8504.63,141
1967,11806.45,7661.63,110
1968,13580.46,8659.94,124
1969,12874.45,8356.9,140
1970,11794.51,7621.72,110
1971,10558.65,6839.8,105
1972,13214.32,8619.64,125
1973,10420.37,6850.3,105
1974,13211.21,8582.67,126
1975,11273.04,7176.63,112
1976,13449.51,8716.14,136
1977,11038.34,7166.35,111
1978,12587.57,8209.95,138
1979,13596.49,8570.99,129
1980,11394.7,7507.18,118
1981,11266.48,7282.64,110
1982,11735.37,7475.34,124
1983,11438.97,7497.52,115
1984,11537.12,7621.6,114
1985,11831.35,7657.26,110
1986,12571.32,8106.57,121
1987,10254.59,6706.58,104
1988,12770.12,8075.0,128
1989,12733.22,8170.98,133
1990,12880.06,8308.59,131
1991,10631.11,6946.28,97
1992,13285.56,8388.49,134
1993,12882.11,8256.84,127
1994,13074.73,8483.21,123
1995,10854.44,7172.58,105
1996,13221.69,8416.08,122
1997,11140.44,7358.59,120
1998,11195.0,7220.42,118
1999,12877.93,8252.2,121
2000,13122.85,8375.81,120
